{"epochs": [1, 2, 3, 4, 5, 6, 7, 8, 9, 10, 11, 12, 13, 14, 15, 16, 17, 18, 19, 20, 21, 22, 23, 24, 25, 26, 27, 28, 29, 30, 31, 32, 33, 34, 35, 36, 37, 38, 39, 40, 41, 42, 43, 44, 45, 46, 47, 48, 49, 50, 51, 52, 53, 54, 55, 56, 57, 58, 59, 60, 61, 62, 63, 64, 65, 66, 67, 68, 69, 70, 71, 72, 73, 74, 75, 76, 77, 78, 79, 80, 81, 82, 83, 84, 85, 86, 87, 88, 89, 90, 91, 92, 93, 94, 95, 96], "loss": [2.0143067836761475, 0.9241600036621094, 0.44636988639831543, 0.3188294768333435, 0.2588149905204773, 0.22471453249454498, 0.19693036377429962, 0.20156309008598328, 0.18121378123760223, 0.18077000975608826, 0.15248773992061615, 0.15112394094467163, 0.15078671276569366, 0.14320917427539825, 0.14137345552444458, 0.13198985159397125, 0.1246926411986351, 0.11839112639427185, 0.12012787163257599, 0.10821391642093658, 0.10743369162082672, 0.11044501513242722, 0.10519079118967056, 0.0928330272436142, 0.10601824522018433, 0.10678058117628098, 0.08810743689537048, 0.09337470680475235, 0.08629974722862244, 0.09110820293426514, 0.07955629378557205, 0.08697721362113953, 0.07399313896894455, 0.07621489465236664, 0.07613739371299744, 0.07608794420957565, 0.07431262731552124, 0.07172802835702896, 0.07213296741247177, 0.07361724227666855, 0.08175830543041229, 0.0725344568490982, 0.061542633920907974, 0.06647749990224838, 0.07390701025724411, 0.06372272968292236, 0.05944585055112839, 0.06351330876350403, 0.05774885043501854, 0.059242598712444305, 0.06931325048208237, 0.06075584515929222, 0.06428782641887665, 0.06333137303590775, 0.05291462317109108, 0.05318637937307358, 0.052871063351631165, 0.07037491351366043, 0.0585876889526844, 0.05506606772542, 0.04571972042322159, 0.0576399490237236, 0.044898901134729385, 0.0465344563126564, 0.04575466737151146, 0.0586526021361351, 0.043862394988536835, 0.05402287468314171, 0.052362892776727676, 0.05066097900271416, 0.04575425013899803, 0.044574443250894547, 0.05298418551683426, 0.04821302741765976, 0.04733382165431976, 0.0492769218981266, 0.04914148896932602, 0.051033180207014084, 0.04190182313323021, 0.03800848871469498, 0.03686504065990448, 0.04629083722829819, 0.04662204533815384, 0.046723198145627975, 0.06048465892672539, 0.04867453873157501, 0.03684304654598236, 0.04169139266014099, 0.04707321152091026, 0.039321258664131165, 0.03836936876177788, 0.04114159941673279, 0.03916724771261215, 0.03784848377108574, 0.03668578341603279, 0.039991993457078934], "val_loss": [2.258368730545044, 1.5469189882278442, 0.9340060353279114, 0.5464175343513489, 0.3406238555908203, 0.23938843607902527, 0.1825128197669983, 0.16335321962833405, 0.1462252289056778, 0.13328340649604797, 0.12679898738861084, 0.12883926928043365, 0.11745891720056534, 0.11969245225191116, 0.11679023504257202, 0.11074290424585342, 0.10732122510671616, 0.09836172312498093, 0.09696678817272186, 0.09670272469520569, 0.09326504170894623, 0.08833492547273636, 0.08658138662576675, 0.08542580902576447, 0.0902019813656807, 0.08758851140737534, 0.09103301912546158, 0.08416635543107986, 0.0777391642332077, 0.0844593271613121, 0.081888347864151, 0.07223665714263916, 0.07100699096918106, 0.07063861191272736, 0.06408245116472244, 0.06357985734939575, 0.0621066652238369, 0.06098628044128418, 0.06243273615837097, 0.05992906168103218, 0.06214582920074463, 0.06620528548955917, 0.059119679033756256, 0.058776114135980606, 0.09134513139724731, 0.06762392073869705, 0.06619936972856522, 0.07883292436599731, 0.06362223625183105, 0.054695840924978256, 0.0549904927611351, 0.05593825504183769, 0.05358658358454704, 0.05959825590252876, 0.051975101232528687, 0.050470296293497086, 0.04812731221318245, 0.054556846618652344, 0.052584052085876465, 0.054728973656892776, 0.048691097646951675, 0.05862110108137131, 0.04483398050069809, 0.041864652186632156, 0.04493674635887146, 0.04466291517019272, 0.05218375101685524, 0.04527607932686806, 0.041807908564805984, 0.04122782126069069, 0.04152589663863182, 0.04334288090467453, 0.03950565308332443, 0.042647819966077805, 0.04628746956586838, 0.038436103612184525, 0.037989746779203415, 0.041935995221138, 0.03732144832611084, 0.03488975018262863, 0.03364202752709389, 0.036300670355558395, 0.04003963991999626, 0.05095680430531502, 0.06581513583660126, 0.07587124407291412, 0.05071672797203064, 0.03421008586883545, 0.03854814171791077, 0.037684906274080276, 0.03784489631652832, 0.03518383577466011, 0.03462325781583786, 0.034667935222387314, 0.03457695245742798, 0.034029167145490646], "accuracy": [0.4529115855693817, 0.9079798460006714, 0.9690870046615601, 0.9777138829231262, 0.9762760400772095, 0.9805895090103149, 0.9899352788925171, 0.9834651350975037, 0.9856218695640564, 0.9805895090103149, 0.9935298562049866, 0.9899352788925171, 0.9892163872718811, 0.9906542301177979, 0.9849029183387756, 0.9913731217384338, 0.9913731217384338, 0.9920920133590698, 0.9899352788925171, 0.9964054822921753, 0.9906542301177979, 0.9906542301177979, 0.9899352788925171, 0.9956865310668945, 0.9892163872718811, 0.9884974956512451, 0.9935298562049866, 0.9920920133590698, 0.9935298562049866, 0.9906542301177979, 0.9935298562049866, 0.9928109049797058, 0.9956865310668945, 0.9920920133590698, 0.9928109049797058, 0.9920920133590698, 0.9942487478256226, 0.9949676394462585, 0.9913731217384338, 0.9913731217384338, 0.9899352788925171, 0.9928109049797058, 0.9964054822921753, 0.9949676394462585, 0.9906542301177979, 0.9964054822921753, 0.9956865310668945, 0.9928109049797058, 0.9942487478256226, 0.9956865310668945, 0.9906542301177979, 0.9949676394462585, 0.9906542301177979, 0.9920920133590698, 0.9956865310668945, 0.9949676394462585, 0.9956865310668945, 0.9920920133590698, 0.9928109049797058, 0.9949676394462585, 0.9971243739128113, 0.9935298562049866, 0.999281108379364, 0.9949676394462585, 0.9971243739128113, 0.9935298562049866, 0.999281108379364, 0.9928109049797058, 0.9928109049797058, 0.9949676394462585, 0.9942487478256226, 0.9964054822921753, 0.9935298562049866, 0.9913731217384338, 0.9949676394462585, 0.9942487478256226, 0.9949676394462585, 0.9920920133590698, 0.9964054822921753, 0.9978432655334473, 0.9978432655334473, 0.9935298562049866, 0.9928109049797058, 0.9928109049797058, 0.9928109049797058, 0.9949676394462585, 0.9985621571540833, 0.9949676394462585, 0.9935298562049866, 0.9964054822921753, 0.9956865310668945, 0.9956865310668945, 0.9949676394462585, 0.9964054822921753, 0.9956865310668945, 0.9971243739128113],